ID_Transacao,Data_Pedido,Produto,Quantidade,Valor_Unitario,Localizacao,Status
0001,2024-11-01,Teclado,5,339.61,TO,Pendente
0002,2025-04-29,Impressora,50,224.81,RS,Em Andamento
0003,2024-06-06,Scanner,50,311.99,AM,Entregue
0004,2024-11-22,Mouse,12,293.47,MG,Concluído
0005,2024-06-18,Webcam,17,228.75,SP,Cancelado
0006,2025-02-06,Teclado,1,293.06,AM,Entregue
0007,2025-01-31,Mouse,35,265.08,ES,Concluído
0008,2025-01-30,HD Externo,35,132.54,AM,Pendente
0009,2024-12-23,HD Externo,49,476.69,RJ,Em Andamento
0010,2024-11-14,Notebook,21,265.18,DF,Cancelado
0011,2024-05-26,HD Externo,43,67.45,AM,Pendente
0012,2024-08-23,HD Externo,47,231.27,RS,Enviado
0013,2024-09-22,Webcam,14,163.97,TO,Concluído
0014,2025-05-06,Pen Drive,34,160.33,SP,Entregue
0015,2024-12-22,Headset,23,329.44,RJ,Concluído
0016,2025-02-22,Pen Drive,29,457.51,AM,Cancelado
0017,2024-10-29,Pen Drive,3,221.77,TO,Cancelado
0018,2024-11-28,Notebook,6,318.16,RS,Concluído
0019,2025-03-03,Scanner,42,180.96,SP,Entregue
0020,2025-05-19,Webcam,7,213.05,SP,Entregue
0021,2024-12-18,HD Externo,38,396.4,RJ,Enviado
0022,2024-08-02,Mouse,2,113.72,MG,Enviado
0023,2024-08-04,Monitor,2,416.85,TO,Enviado
0024,2024-05-26,Impressora,15,368.82,SP,Em Andamento
0025,2024-07-25,Teclado,40,393.94,ES,Pendente
0026,2024-10-23,Mouse,4,330.43,ES,Concluído
0027,2024-07-11,Headset,10,354.84,PE,Pendente
0028,2025-03-11,Impressora,25,343.78,AM,Entregue
0029,2024-12-30,Monitor,24,187.08,ES,Em Andamento
0030,2024-10-28,Teclado,17,243.12,BA,Pendente
0031,2025-02-02,HD Externo,16,114.89,ES,Cancelado
0032,2024-10-08,HD Externo,37,151.53,RJ,Entregue
0033,2024-11-05,Impressora,8,475.52,SP,Pendente
0034,2024-06-14,Webcam,6,470.57,BA,Concluído
0035,2025-04-18,Mouse,4,240.61,DF,Em Andamento
0036,2024-09-15,Notebook,46,434.96,RS,Entregue
0037,2025-02-07,Mouse,35,93.26,AM,Cancelado
0038,2024-06-24,Monitor,5,133.55,RS,Em Andamento
0039,2025-01-07,Mouse,45,271.86,TO,Pendente
0040,2025-05-08,Impressora,49,314.05,DF,Entregue
0041,2024-06-08,Impressora,2,158.71,SP,Pendente
0042,2024-09-23,HD Externo,14,321.11,TO,Concluído
0043,2024-12-05,Headset,37,468.58,TO,Pendente
0044,2025-02-01,HD Externo,46,499.13,TO,Em Andamento
0045,2024-11-29,Notebook,50,55.01,RS,Cancelado
0046,2024-12-25,Pen Drive,44,254.6,TO,Cancelado
0047,2024-09-20,Impressora,30,348.68,AM,Em Andamento
0048,2024-10-10,Notebook,1,100.9,BA,Pendente
0049,2025-03-18,Scanner,31,404.3,DF,Pendente
0050,2025-02-08,Impressora,29,435.79,TO,Enviado
0051,2025-05-17,Notebook,8,123.22,ES,Pendente
0052,2024-10-17,HD Externo,23,143.23,DF,Cancelado
0053,2025-01-30,Headset,18,95.27,RS,Cancelado
0054,2024-06-11,Teclado,35,449.05,MG,Enviado
0055,2024-12-04,Teclado,14,357.97,PE,Em Andamento
0056,2024-09-27,Headset,49,298.37,RJ,Pendente
0057,2024-12-18,Monitor,39,258.11,ES,Cancelado
0058,2025-03-26,Webcam,5,312.74,RS,Cancelado
0059,2024-10-30,Notebook,13,474.34,TO,Entregue
0060,2024-11-02,Teclado,12,267.06,DF,Cancelado
0061,2024-07-16,Pen Drive,29,270.29,RS,Cancelado
0062,2024-06-06,Impressora,2,122.92,SP,Em Andamento
0063,2025-01-30,Mouse,6,499.48,AM,Cancelado
0064,2024-06-01,Scanner,47,103.76,PE,Enviado
0065,2024-11-17,Teclado,40,215.45,BA,Pendente
0066,2024-09-07,Mouse,43,152.13,RJ,Cancelado
0067,2025-04-07,Monitor,6,356.81,BA,Cancelado
0068,2024-11-20,Webcam,42,90.44,SP,Concluído
0069,2024-06-06,Pen Drive,45,471.6,DF,Em Andamento
0070,2024-09-24,Monitor,49,135.33,BA,Em Andamento
0071,2024-12-29,Teclado,33,267.26,AM,Concluído
0072,2024-07-17,HD Externo,14,266.31,BA,Concluído
0073,2025-02-12,Webcam,37,204.32,BA,Cancelado
0074,2025-04-05,Pen Drive,23,228.33,RS,Concluído
0075,2024-07-29,Mouse,38,92.24,RS,Entregue
0076,2025-05-02,Notebook,18,338.81,RJ,Enviado
0077,2024-12-11,HD Externo,44,434.63,PE,Enviado
0078,2025-02-15,Notebook,8,151.56,MG,Entregue
0079,2024-07-26,Headset,9,335.1,BA,Entregue
0080,2025-04-03,HD Externo,11,181.28,RS,Entregue
0081,2024-08-10,HD Externo,40,256.86,RJ,Em Andamento
0082,2025-05-13,Impressora,46,357.13,DF,Enviado
0083,2025-02-24,Mouse,48,76.57,AM,Concluído
0084,2025-02-26,Webcam,36,104.61,BA,Pendente
0085,2024-11-02,Teclado,5,457.62,DF,Entregue
0086,2024-12-14,Scanner,22,389.63,DF,Pendente
0087,2024-08-01,Mouse,41,86.19,PE,Concluído
0088,2024-06-09,Headset,6,60.67,AM,Em Andamento
0089,2024-07-01,Monitor,10,444.97,PE,Entregue
0090,2024-11-25,Webcam,38,432.01,RS,Cancelado
0091,2025-03-06,Mouse,20,160.65,ES,Entregue
0092,2024-08-31,HD Externo,12,79.76,ES,Em Andamento
0093,2025-05-18,HD Externo,15,318.23,SP,Cancelado
0094,2024-08-30,Webcam,18,201.79,RJ,Concluído
0095,2024-12-19,Impressora,2,397.4,DF,Entregue
0096,2024-11-21,Monitor,37,293.91,DF,Enviado
0097,2025-03-30,Pen Drive,20,413.03,RS,Concluído
0098,2024-06-26,Scanner,23,414.28,TO,Entregue
0099,2025-01-15,Pen Drive,35,138.18,AM,Em Andamento
0100,2024-11-13,HD Externo,26,103.69,ES,Cancelado
0101,2024-07-03,Webcam,47,181.08,PE,Enviado
0102,2025-01-28,Pen Drive,46,488.06,RS,Pendente
0103,2024-12-15,Webcam,1,150.41,PE,Enviado
0104,2024-09-01,HD Externo,23,415.03,ES,Entregue
0105,2024-10-31,HD Externo,9,71.15,MG,Enviado
0106,2024-10-02,HD Externo,40,124.57,PE,Concluído
0107,2025-02-07,Notebook,15,427.23,BA,Em Andamento
0108,2024-10-12,HD Externo,29,202.4,PE,Pendente
0109,2025-03-02,Teclado,36,423.14,RJ,Pendente
0110,2025-01-28,Webcam,29,463.86,ES,Em Andamento
0111,2025-03-04,HD Externo,41,72.03,RJ,Em Andamento
0112,2025-04-21,Notebook,3,56.58,RS,Cancelado
0113,2024-05-22,HD Externo,20,100.78,PE,Concluído
0114,2024-12-05,Webcam,16,202.5,TO,Concluído
0115,2024-08-11,Pen Drive,9,468.08,RS,Em Andamento
0116,2024-10-24,Teclado,36,79.67,PE,Pendente
0117,2024-07-04,Monitor,49,144.05,BA,Concluído
0118,2024-07-06,Mouse,16,260.35,ES,Entregue
0119,2024-12-28,Mouse,48,348.21,PE,Pendente
0120,2024-06-09,Headset,39,312.86,ES,Enviado
0121,2024-09-08,Teclado,24,467.44,RJ,Enviado
0122,2024-06-08,Pen Drive,49,210.07,DF,Cancelado
0123,2025-02-18,Impressora,12,206.98,AM,Em Andamento
0124,2024-12-21,Notebook,29,352.9,SP,Entregue
0125,2024-07-17,Impressora,1,330.02,SP,Em Andamento
0126,2024-06-17,Monitor,23,239.44,ES,Enviado
0127,2024-09-10,Headset,3,455.09,ES,Entregue
0128,2024-11-09,Webcam,34,256.94,RS,Cancelado
0129,2024-09-07,Mouse,49,409.36,ES,Entregue
0130,2024-08-28,HD Externo,1,155.55,SP,Cancelado
0131,2024-09-21,Pen Drive,22,325.38,SP,Entregue
0132,2024-08-20,Notebook,35,375.97,MG,Entregue
0133,2025-03-24,Pen Drive,39,110.56,BA,Concluído
0134,2024-10-04,Mouse,30,440.83,AM,Em Andamento
0135,2024-06-23,Mouse,5,122.96,PE,Pendente
0136,2025-01-02,Webcam,40,284.79,DF,Em Andamento
0137,2025-02-04,Pen Drive,12,168.02,RJ,Entregue
0138,2024-09-13,Impressora,20,325.5,TO,Pendente
0139,2024-11-27,Webcam,4,441.79,RS,Cancelado
0140,2025-05-19,Teclado,50,132.79,ES,Pendente
0141,2025-03-27,Webcam,38,428.53,AM,Pendente
0142,2025-05-10,Pen Drive,15,293.27,RJ,Em Andamento
0143,2025-01-21,Pen Drive,30,419.1,AM,Cancelado
0144,2025-02-17,Scanner,25,82.13,BA,Concluído
0145,2024-07-09,Monitor,34,198.83,DF,Pendente
0146,2024-08-03,Monitor,35,151.0,AM,Enviado
0147,2024-11-13,Mouse,41,341.09,DF,Concluído
0148,2024-10-06,Webcam,32,53.11,BA,Cancelado
0149,2024-11-13,Webcam,13,341.07,RJ,Enviado
0150,2024-08-25,Impressora,5,199.26,RS,Pendente
0151,2024-11-09,Webcam,49,451.49,RS,Enviado
0152,2024-09-08,Pen Drive,43,75.87,TO,Em Andamento
0153,2024-07-03,Mouse,16,99.24,RJ,Pendente
0154,2024-08-03,Mouse,25,116.37,PE,Cancelado
0155,2025-05-15,Webcam,38,458.17,BA,Pendente
0156,2024-09-19,Impressora,2,265.9,RS,Entregue
0157,2024-08-18,Monitor,20,113.33,AM,Concluído
0158,2024-10-11,Notebook,38,79.03,RJ,Cancelado
0159,2024-11-30,Webcam,46,350.84,AM,Entregue
0160,2025-01-20,Notebook,1,316.18,DF,Cancelado
0161,2024-06-07,Impressora,15,119.58,SP,Entregue
0162,2025-03-04,Impressora,20,388.31,AM,Em Andamento
0163,2025-05-12,Pen Drive,34,293.15,ES,Enviado
0164,2024-09-23,Mouse,39,74.01,BA,Enviado
0165,2024-12-19,Headset,1,222.77,DF,Enviado
0166,2024-11-01,Teclado,22,233.51,AM,Enviado
0167,2024-10-12,Pen Drive,17,403.18,MG,Entregue
0168,2025-01-10,Impressora,2,129.76,AM,Cancelado
0169,2024-12-13,Teclado,32,493.66,MG,Enviado
0170,2024-12-13,Pen Drive,19,308.26,SP,Enviado
0171,2025-05-08,Pen Drive,3,388.37,SP,Em Andamento
0172,2024-07-19,Scanner,11,54.27,MG,Em Andamento
0173,2025-02-24,Notebook,46,257.61,RJ,Em Andamento
0174,2024-08-26,Mouse,35,350.99,MG,Cancelado
0175,2024-08-20,HD Externo,12,266.32,DF,Concluído
0176,2024-07-05,HD Externo,15,362.07,SP,Entregue
0177,2024-12-12,HD Externo,25,286.15,ES,Entregue
0178,2025-04-29,Scanner,45,446.14,SP,Em Andamento
0179,2025-01-26,HD Externo,45,493.07,SP,Em Andamento
0180,2024-07-26,Mouse,15,197.43,TO,Pendente
0181,2024-10-29,Headset,12,71.98,RJ,Cancelado
0182,2024-06-14,Mouse,22,293.29,RJ,Concluído
0183,2024-07-26,Notebook,14,373.28,AM,Entregue
0184,2025-03-04,Scanner,47,221.91,TO,Pendente
0185,2025-02-04,Notebook,41,469.66,ES,Cancelado
0186,2024-10-23,Impressora,8,337.69,PE,Concluído
0187,2025-04-10,Pen Drive,40,61.93,RJ,Cancelado
0188,2024-09-24,Webcam,9,409.55,ES,Pendente
0189,2025-03-12,Scanner,27,97.47,AM,Concluído
0190,2024-09-09,Mouse,43,178.21,RJ,Em Andamento
0191,2024-10-02,Monitor,10,174.34,AM,Em Andamento
0192,2024-08-03,HD Externo,7,193.97,MG,Em Andamento
0193,2024-09-01,Pen Drive,37,226.77,SP,Em Andamento
0194,2025-02-07,Webcam,9,62.58,DF,Cancelado
0195,2024-12-21,Teclado,8,414.21,SP,Pendente
0196,2024-10-15,HD Externo,7,286.43,RS,Entregue
0197,2024-11-17,Monitor,14,93.9,AM,Cancelado
0198,2025-02-28,Impressora,1,226.19,SP,Enviado
0199,2024-11-15,Pen Drive,49,323.18,AM,Em Andamento
0200,2025-01-26,Headset,43,134.2,PE,Concluído
0201,2024-07-27,Mouse,13,138.72,TO,Concluído
0202,2025-01-29,Mouse,4,209.35,PE,Pendente
0203,2025-03-26,Headset,1,284.18,RJ,Concluído
0204,2024-12-08,HD Externo,1,351.4,AM,Em Andamento
0205,2025-01-26,Pen Drive,34,179.5,BA,Entregue
0206,2024-10-19,HD Externo,44,246.63,MG,Cancelado
0207,2024-07-03,Monitor,50,105.21,RS,Enviado
0208,2024-05-25,Impressora,29,426.95,RS,Pendente
0209,2024-12-27,Pen Drive,5,166.8,BA,Enviado
0210,2024-05-31,Webcam,39,465.63,SP,Cancelado
0211,2024-10-04,Notebook,16,56.89,BA,Cancelado
0212,2025-02-06,Teclado,38,166.63,DF,Em Andamento
0213,2025-02-18,Impressora,9,348.81,DF,Pendente
0214,2025-04-02,HD Externo,32,269.86,RJ,Em Andamento
0215,2024-08-22,Teclado,27,82.33,RJ,Concluído
0216,2024-12-06,Monitor,19,242.89,SP,Enviado
0217,2024-05-25,Impressora,23,165.96,DF,Enviado
0218,2025-05-14,Impressora,27,421.12,TO,Entregue
0219,2024-07-05,Notebook,17,237.9,AM,Entregue
0220,2025-02-08,HD Externo,43,291.45,AM,Enviado
0221,2024-09-29,Webcam,14,477.03,RS,Enviado
0222,2024-08-07,Monitor,3,352.89,DF,Pendente
0223,2025-03-22,Notebook,10,130.46,BA,Cancelado
0224,2024-10-09,Mouse,1,124.34,SP,Entregue
0225,2024-11-11,Scanner,27,124.82,RJ,Pendente
0226,2025-01-05,Headset,13,194.77,AM,Enviado
0227,2024-12-27,Monitor,10,300.26,RS,Pendente
0228,2024-08-30,Teclado,20,388.66,PE,Entregue
0229,2024-08-13,Webcam,15,172.31,DF,Pendente
0230,2024-06-14,Webcam,16,349.32,MG,Enviado
0231,2024-08-30,HD Externo,6,280.61,MG,Enviado
0232,2025-05-15,Notebook,23,123.44,AM,Enviado
0233,2025-05-03,Teclado,35,364.08,SP,Enviado
0234,2025-04-12,Pen Drive,39,307.73,BA,Enviado
0235,2024-08-19,Impressora,9,237.38,PE,Pendente
0236,2024-10-07,Mouse,16,193.97,RS,Concluído
0237,2025-04-13,Mouse,14,384.03,TO,Cancelado
0238,2024-06-14,Impressora,39,468.96,RS,Cancelado
0239,2025-02-01,Teclado,6,290.2,TO,Em Andamento
0240,2024-12-13,Teclado,9,57.21,RJ,Em Andamento
0241,2025-05-01,Impressora,42,463.01,SP,Enviado
0242,2024-09-28,Notebook,12,298.63,PE,Enviado
0243,2024-08-15,HD Externo,32,152.6,TO,Em Andamento
0244,2025-04-21,HD Externo,47,482.18,DF,Pendente
0245,2024-11-17,HD Externo,50,54.82,AM,Enviado
0246,2024-07-17,Headset,49,81.32,SP,Entregue
0247,2024-09-08,Pen Drive,21,425.26,PE,Enviado
0248,2024-11-03,Impressora,42,370.22,AM,Cancelado
0249,2024-09-28,Pen Drive,13,389.63,RS,Pendente
0250,2024-09-18,HD Externo,19,245.62,DF,Em Andamento
0251,2024-10-25,Notebook,1,317.49,RJ,Entregue
0252,2025-05-05,Headset,42,236.5,RS,Pendente
0253,2024-06-01,Scanner,35,496.64,BA,Enviado
0254,2025-05-09,Notebook,4,129.88,TO,Em Andamento
0255,2025-03-23,Headset,37,475.27,PE,Concluído
0256,2024-10-19,Teclado,15,488.29,ES,Cancelado
0257,2024-10-11,Mouse,22,332.97,AM,Enviado
0258,2024-07-30,Notebook,24,284.59,ES,Cancelado
0259,2025-04-30,Webcam,2,226.14,MG,Concluído
0260,2025-01-06,HD Externo,43,216.63,RJ,Cancelado
0261,2025-02-26,Monitor,20,394.12,DF,Concluído
0262,2024-06-16,Webcam,21,301.64,RS,Entregue
0263,2024-05-23,Webcam,46,89.36,MG,Cancelado
0264,2024-06-09,Mouse,8,469.04,RS,Entregue
0265,2025-02-15,Mouse,44,215.87,SP,Entregue
0266,2025-04-05,Pen Drive,11,467.92,RS,Em Andamento
0267,2025-03-29,Scanner,18,74.22,RJ,Concluído
0268,2025-02-07,Pen Drive,11,315.83,DF,Cancelado
0269,2025-05-15,Pen Drive,35,454.11,RJ,Enviado
0270,2024-07-17,Headset,11,388.0,RJ,Pendente
0271,2024-12-04,Headset,34,239.9,PE,Pendente
0272,2025-01-17,HD Externo,35,244.76,MG,Cancelado
0273,2024-06-20,Monitor,31,311.49,AM,Enviado
0274,2024-11-16,Headset,3,125.36,MG,Entregue
0275,2024-12-06,HD Externo,50,96.34,RJ,Cancelado
0276,2025-03-14,Impressora,21,251.1,ES,Em Andamento
0277,2025-01-13,Notebook,50,326.29,TO,Concluído
0278,2024-10-22,Headset,35,407.28,DF,Pendente
0279,2024-12-26,Headset,23,108.53,RJ,Pendente
0280,2024-07-02,Headset,16,298.23,DF,Entregue
0281,2024-12-12,HD Externo,29,255.58,DF,Em Andamento
0282,2024-07-03,Webcam,17,181.14,MG,Concluído
0283,2025-03-08,HD Externo,41,493.47,BA,Concluído
0284,2024-09-12,Monitor,24,358.83,DF,Cancelado
0285,2024-09-12,Pen Drive,8,277.67,DF,Cancelado
0286,2025-04-10,Impressora,49,106.73,RS,Pendente
0287,2024-08-16,Teclado,33,88.23,RJ,Entregue
0288,2024-10-02,Pen Drive,25,280.18,RS,Em Andamento
0289,2024-10-10,Monitor,39,141.88,TO,Enviado
0290,2024-12-27,Mouse,43,402.16,ES,Cancelado
0291,2024-05-26,Pen Drive,39,327.15,RS,Em Andamento
0292,2025-03-27,Pen Drive,29,376.72,MG,Pendente
0293,2024-06-14,Pen Drive,46,120.0,AM,Pendente
0294,2024-05-27,HD Externo,50,475.73,SP,Pendente
0295,2025-04-16,Pen Drive,1,178.22,AM,Concluído
0296,2024-06-04,Webcam,38,335.81,PE,Enviado
0297,2025-04-02,Monitor,1,303.99,RJ,Em Andamento
0298,2024-07-01,Webcam,28,323.09,SP,Enviado
0299,2025-01-14,Scanner,29,327.77,BA,Enviado
0300,2025-02-15,Webcam,43,294.27,MG,Concluído
0301,2024-11-19,Pen Drive,35,289.12,BA,Em Andamento
0302,2025-04-18,Notebook,37,113.23,DF,Concluído
0303,2025-01-25,Scanner,40,76.1,BA,Entregue
0304,2024-07-29,Mouse,26,191.91,TO,Em Andamento
0305,2025-04-21,Scanner,13,217.76,RS,Entregue
0306,2025-04-26,Teclado,10,66.98,RS,Entregue
0307,2024-12-19,Mouse,47,72.58,RS,Entregue
0308,2024-06-14,Webcam,7,267.85,RJ,Enviado
0309,2025-02-04,Pen Drive,29,129.69,RJ,Cancelado
0310,2024-12-15,Teclado,7,87.18,SP,Concluído
0311,2024-11-28,Pen Drive,4,116.92,ES,Pendente
0312,2024-12-28,Notebook,18,90.26,DF,Entregue
0313,2024-11-03,Headset,29,375.73,PE,Pendente
0314,2025-03-16,Impressora,42,261.07,PE,Cancelado
0315,2024-08-13,HD Externo,16,414.56,BA,Cancelado
0316,2025-04-29,Pen Drive,19,168.82,ES,Em Andamento
0317,2024-05-30,Monitor,38,351.85,RJ,Cancelado
0318,2024-12-12,Headset,12,305.76,PE,Cancelado
0319,2024-07-06,Notebook,23,89.38,TO,Entregue
0320,2024-08-19,Monitor,34,452.44,DF,Enviado
0321,2024-10-30,HD Externo,39,297.55,SP,Em Andamento
0322,2024-12-22,Webcam,12,261.22,SP,Em Andamento
0323,2024-12-17,Headset,45,399.75,TO,Pendente
0324,2025-05-01,Teclado,32,145.1,BA,Cancelado
0325,2025-04-03,Headset,35,402.64,RS,Em Andamento
0326,2025-05-14,HD Externo,34,382.04,ES,Pendente
0327,2025-04-20,Webcam,45,82.56,RS,Pendente
0328,2024-07-28,Scanner,34,258.28,TO,Concluído
0329,2025-04-25,Headset,50,210.42,RJ,Entregue
0330,2025-03-09,HD Externo,21,131.26,DF,Cancelado
0331,2024-07-17,HD Externo,38,155.41,AM,Enviado
0332,2025-04-15,Teclado,7,329.02,SP,Cancelado
0333,2025-03-05,Teclado,7,146.45,BA,Em Andamento
0334,2024-10-04,Pen Drive,34,450.26,TO,Entregue
0335,2024-07-24,Monitor,49,56.5,ES,Concluído
0336,2024-09-28,Notebook,5,187.5,TO,Em Andamento
0337,2024-08-07,Headset,23,427.03,DF,Concluído
0338,2024-11-06,Impressora,19,395.31,AM,Em Andamento
0339,2025-02-05,Mouse,10,340.04,MG,Cancelado
0340,2024-06-02,Teclado,21,357.26,ES,Pendente
0341,2024-12-11,Headset,13,457.46,ES,Entregue
0342,2024-11-10,Impressora,15,105.95,RS,Entregue
0343,2024-11-16,Mouse,40,380.89,AM,Entregue
0344,2025-02-15,HD Externo,22,200.38,RJ,Concluído
0345,2025-05-03,Mouse,32,446.23,RS,Entregue
0346,2024-12-06,Mouse,46,359.23,MG,Em Andamento
0347,2024-09-23,Notebook,26,335.25,MG,Cancelado
0348,2024-05-21,Webcam,21,118.25,RJ,Enviado
0349,2025-04-08,Monitor,48,357.42,TO,Em Andamento
0350,2024-07-15,Impressora,27,324.51,SP,Enviado
0351,2024-08-28,Scanner,39,182.04,DF,Em Andamento
0352,2025-05-09,Notebook,25,113.16,PE,Entregue
0353,2024-08-20,Monitor,23,401.36,SP,Em Andamento
0354,2024-12-19,Pen Drive,47,281.29,PE,Em Andamento
0355,2024-07-05,Webcam,41,453.6,RS,Enviado
0356,2024-10-15,HD Externo,15,476.93,PE,Pendente
0357,2024-10-28,HD Externo,27,262.63,MG,Em Andamento
0358,2024-08-10,Monitor,22,65.61,RJ,Cancelado
0359,2024-12-21,Notebook,36,426.19,AM,Cancelado
0360,2025-03-05,Teclado,49,280.39,BA,Cancelado
0361,2025-01-08,Impressora,25,495.66,BA,Concluído
0362,2024-09-09,Pen Drive,50,92.38,TO,Entregue
0363,2025-01-31,Notebook,41,432.95,SP,Em Andamento
0364,2024-10-13,HD Externo,38,206.33,SP,Em Andamento
0365,2025-03-01,Mouse,38,458.92,MG,Enviado
0366,2024-12-15,Notebook,35,366.18,RS,Cancelado
0367,2024-09-22,Scanner,17,311.38,DF,Pendente
0368,2024-07-21,HD Externo,18,263.32,RS,Cancelado
0369,2025-03-13,Scanner,38,169.43,ES,Concluído
0370,2025-02-26,Impressora,25,161.23,MG,Enviado
0371,2025-04-15,Monitor,47,102.7,MG,Concluído
0372,2025-03-11,Teclado,36,247.49,RJ,Enviado
0373,2024-09-20,Impressora,10,471.06,DF,Concluído
0374,2024-07-19,Pen Drive,45,184.06,AM,Enviado
0375,2025-04-16,Mouse,22,210.6,BA,Enviado
0376,2024-07-01,Headset,11,443.69,MG,Pendente
0377,2024-12-19,Monitor,30,184.0,SP,Entregue
0378,2025-01-29,HD Externo,50,283.43,SP,Cancelado
0379,2024-08-05,Scanner,43,325.74,RJ,Em Andamento
0380,2024-08-14,Monitor,31,304.84,AM,Em Andamento
0381,2025-04-21,Mouse,33,433.22,DF,Em Andamento
0382,2024-09-03,Monitor,43,379.8,ES,Entregue
0383,2024-08-09,Mouse,8,187.33,SP,Entregue
0384,2025-04-14,Notebook,20,451.99,RS,Em Andamento
0385,2024-12-12,Mouse,35,229.36,RJ,Entregue
0386,2024-08-23,Teclado,5,405.06,SP,Cancelado
0387,2024-08-06,Teclado,21,58.61,RJ,Concluído
0388,2024-07-04,Mouse,27,481.63,AM,Concluído
0389,2024-09-01,Teclado,27,439.02,TO,Entregue
0390,2024-06-14,HD Externo,31,128.71,MG,Concluído
0391,2025-02-04,Scanner,44,246.46,MG,Concluído
0392,2024-09-23,Headset,15,79.5,PE,Cancelado
0393,2025-05-12,Mouse,4,487.8,TO,Entregue
0394,2024-07-04,HD Externo,33,384.9,AM,Cancelado
0395,2024-05-28,Monitor,33,463.36,PE,Entregue
0396,2024-07-14,Webcam,14,235.23,MG,Cancelado
0397,2024-07-08,Mouse,11,260.69,MG,Cancelado
0398,2025-01-02,Pen Drive,15,172.26,DF,Enviado
0399,2024-12-18,Mouse,10,102.49,TO,Concluído
0400,2024-09-08,Teclado,32,200.59,RJ,Pendente
0401,2025-01-23,Scanner,45,324.99,TO,Entregue
0402,2024-10-26,Mouse,8,458.27,ES,Em Andamento
0403,2024-10-18,Headset,13,164.09,TO,Em Andamento
0404,2024-08-13,Notebook,4,291.51,ES,Concluído
0405,2025-01-28,Teclado,43,349.98,RJ,Pendente
0406,2024-07-05,Scanner,22,147.69,RS,Em Andamento
0407,2024-12-22,Headset,43,434.0,MG,Entregue
0408,2025-03-02,Webcam,50,353.16,BA,Pendente
0409,2024-07-14,Webcam,33,405.31,PE,Enviado
0410,2024-12-09,Scanner,12,78.45,TO,Cancelado
0411,2024-06-14,Pen Drive,31,289.84,AM,Concluído
0412,2024-09-27,HD Externo,50,147.69,MG,Entregue
0413,2024-11-01,Mouse,27,117.43,MG,Em Andamento
0414,2025-04-10,Headset,7,316.99,MG,Entregue
0415,2024-10-13,Mouse,41,127.44,ES,Entregue
0416,2025-05-10,Notebook,16,287.73,RS,Cancelado
0417,2024-10-26,Pen Drive,42,161.05,DF,Em Andamento
0418,2025-05-07,Monitor,45,239.47,BA,Pendente
0419,2024-08-28,Headset,26,76.42,SP,Entregue
0420,2024-07-06,Mouse,46,227.49,PE,Em Andamento
0421,2024-08-23,HD Externo,44,376.71,DF,Concluído
0422,2024-08-24,Scanner,45,367.49,ES,Concluído
0423,2025-04-23,Webcam,21,404.79,SP,Cancelado
0424,2024-07-08,Teclado,26,253.45,RJ,Enviado
0425,2024-12-06,Pen Drive,27,303.08,RJ,Cancelado
0426,2024-10-15,HD Externo,9,152.22,BA,Enviado
0427,2024-12-11,Webcam,2,442.73,ES,Pendente
0428,2025-01-28,Webcam,48,88.41,DF,Concluído
0429,2024-05-31,Monitor,14,463.14,AM,Pendente
0430,2024-08-27,Scanner,13,97.55,TO,Cancelado
0431,2025-01-18,HD Externo,24,335.83,TO,Cancelado
0432,2024-09-19,HD Externo,39,71.11,PE,Entregue
0433,2024-08-19,Mouse,45,102.16,AM,Em Andamento
0434,2025-04-03,Mouse,2,197.8,PE,Pendente
0435,2025-04-22,Webcam,41,54.37,AM,Enviado
0436,2025-03-10,Impressora,10,482.16,PE,Entregue
0437,2025-03-18,Mouse,16,374.64,TO,Concluído
0438,2025-01-12,Impressora,47,260.84,RJ,Enviado
0439,2024-10-12,Webcam,26,410.84,ES,Entregue
0440,2025-03-11,Monitor,41,390.4,DF,Pendente
0441,2025-04-09,Monitor,6,180.98,RS,Enviado
0442,2024-08-07,Scanner,45,492.4,MG,Em Andamento
0443,2024-06-25,Headset,38,391.6,MG,Enviado
0444,2024-09-19,Mouse,17,443.75,PE,Entregue
0445,2025-02-05,Scanner,42,74.26,PE,Entregue
0446,2025-03-18,Headset,41,207.58,RJ,Em Andamento
0447,2024-11-21,HD Externo,23,157.59,ES,Cancelado
0448,2025-04-11,Teclado,40,123.37,AM,Concluído
0449,2024-12-24,Headset,16,177.5,SP,Em Andamento
0450,2024-10-27,Impressora,36,394.67,ES,Entregue
0451,2024-07-08,Scanner,31,184.78,TO,Cancelado
0452,2024-08-29,Mouse,26,456.14,DF,Cancelado
0453,2024-07-10,Mouse,40,143.58,AM,Enviado
0454,2024-10-11,Monitor,35,66.1,AM,Enviado
0455,2024-08-08,Notebook,5,426.0,PE,Concluído
0456,2024-07-18,Scanner,34,77.64,MG,Concluído
0457,2024-07-17,Pen Drive,27,386.26,BA,Pendente
0458,2024-11-27,Impressora,18,212.28,MG,Em Andamento
0459,2025-01-18,HD Externo,48,387.92,TO,Pendente
0460,2024-10-16,Headset,46,106.11,BA,Cancelado
0461,2025-02-22,Webcam,5,129.32,BA,Concluído
0462,2024-07-19,Mouse,23,339.17,MG,Entregue
0463,2024-12-14,Mouse,2,127.16,RJ,Pendente
0464,2025-05-12,HD Externo,27,144.98,PE,Pendente
0465,2024-06-16,Monitor,40,173.14,SP,Concluído
0466,2024-06-21,Mouse,35,284.44,RS,Entregue
0467,2024-08-29,Impressora,44,418.81,PE,Enviado
0468,2024-08-03,Headset,2,333.24,DF,Cancelado
0469,2024-06-03,HD Externo,6,304.99,AM,Pendente
0470,2024-10-30,Monitor,12,461.54,PE,Entregue
0471,2024-12-27,Notebook,9,176.68,AM,Enviado
0472,2024-05-24,Teclado,25,140.17,RS,Entregue
0473,2024-09-16,Teclado,8,324.15,SP,Entregue
0474,2024-08-25,Monitor,12,333.35,MG,Cancelado
0475,2024-05-23,Webcam,10,250.13,ES,Em Andamento
0476,2024-07-18,Headset,2,168.69,MG,Em Andamento
0477,2024-10-25,Pen Drive,46,176.86,AM,Entregue
0478,2024-07-19,HD Externo,6,383.19,RJ,Concluído
0479,2024-05-27,Pen Drive,6,135.44,DF,Concluído
0480,2025-02-01,HD Externo,50,163.81,ES,Enviado
0481,2025-05-09,Notebook,11,127.23,BA,Concluído
0482,2024-07-07,Scanner,13,170.61,SP,Cancelado
0483,2024-10-11,HD Externo,47,336.65,BA,Concluído
0484,2024-11-25,Teclado,36,181.53,PE,Em Andamento
0485,2024-09-06,Monitor,40,440.75,SP,Em Andamento
0486,2024-10-19,Monitor,34,490.4,ES,Enviado
0487,2025-02-27,Notebook,28,278.81,RS,Cancelado
0488,2024-10-06,Webcam,42,161.62,DF,Cancelado
0489,2025-05-19,Teclado,28,220.37,PE,Entregue
0490,2025-04-07,Teclado,32,456.55,MG,Cancelado
0491,2025-02-21,Teclado,12,429.65,DF,Entregue
0492,2025-03-10,Notebook,9,353.93,TO,Concluído
0493,2024-07-27,Webcam,14,309.91,SP,Em Andamento
0494,2024-07-03,Webcam,46,73.89,DF,Em Andamento
0495,2025-02-21,Headset,8,121.45,SP,Entregue
0496,2024-06-09,Monitor,47,474.65,MG,Entregue
0497,2024-10-27,Pen Drive,4,282.47,BA,Pendente
0498,2025-03-20,HD Externo,5,154.46,RJ,Concluído
0499,2025-02-01,Scanner,47,342.38,ES,Pendente
0500,2024-12-23,Notebook,38,70.64,TO,Pendente
0501,2024-09-01,Headset,42,195.81,PE,Entregue
0502,2025-02-19,Teclado,21,92.82,PE,Cancelado
0503,2024-06-29,Headset,39,412.46,BA,Concluído
0504,2025-05-17,Mouse,26,244.44,ES,Entregue
0505,2024-07-03,Notebook,6,111.72,ES,Em Andamento
0506,2024-10-18,Scanner,47,195.76,MG,Pendente
0507,2025-04-10,Scanner,32,446.58,MG,Enviado
0508,2024-12-28,Teclado,35,349.53,RS,Enviado
0509,2024-11-14,HD Externo,42,492.19,BA,Entregue
0510,2024-06-28,Scanner,41,467.43,MG,Enviado
0511,2025-05-02,Impressora,14,196.67,AM,Concluído
0512,2025-03-27,Webcam,12,146.34,TO,Entregue
0513,2024-10-29,Notebook,25,358.63,BA,Pendente
0514,2024-10-22,Monitor,12,92.96,RS,Concluído
0515,2024-09-16,Impressora,39,227.66,SP,Entregue
0516,2024-08-13,Notebook,39,440.22,BA,Entregue
0517,2024-08-01,Headset,11,382.19,AM,Concluído
0518,2024-10-11,HD Externo,24,55.81,MG,Concluído
0519,2024-10-09,Mouse,13,423.98,PE,Concluído
0520,2025-02-22,Teclado,32,217.04,AM,Concluído
0521,2024-08-24,Mouse,49,103.4,RJ,Enviado
0522,2025-04-21,Impressora,12,134.62,SP,Cancelado
0523,2025-04-13,Mouse,37,412.63,AM,Cancelado
0524,2025-01-10,Webcam,24,313.58,ES,Enviado
0525,2024-10-27,Mouse,7,348.5,BA,Enviado
0526,2025-02-24,Teclado,50,315.96,AM,Concluído
0527,2024-12-10,Monitor,13,491.62,RS,Concluído
0528,2024-08-23,Mouse,33,58.81,DF,Entregue
0529,2025-01-27,HD Externo,44,477.84,SP,Pendente
0530,2024-12-08,Monitor,13,227.94,SP,Em Andamento
0531,2024-08-30,Impressora,16,319.01,SP,Entregue
0532,2024-09-09,Impressora,15,446.81,TO,Concluído
0533,2024-12-24,Headset,40,461.58,TO,Concluído
0534,2025-04-01,Monitor,42,208.81,BA,Em Andamento
0535,2025-03-31,Headset,1,296.85,RJ,Em Andamento
0536,2024-12-01,Impressora,20,196.04,PE,Enviado
0537,2025-02-06,Webcam,8,163.01,ES,Cancelado
0538,2024-10-21,Teclado,14,124.51,ES,Pendente
0539,2025-04-18,Pen Drive,30,327.93,ES,Pendente
0540,2024-09-07,Impressora,20,472.26,TO,Entregue
0541,2024-08-12,Scanner,31,290.43,BA,Cancelado
0542,2024-09-17,Notebook,49,394.75,RS,Concluído
0543,2024-10-11,Pen Drive,28,189.74,AM,Pendente
0544,2024-08-27,Monitor,37,483.55,ES,Enviado
0545,2025-03-26,Mouse,47,341.5,ES,Enviado
0546,2024-11-16,Headset,29,172.98,DF,Entregue
0547,2024-07-25,Pen Drive,34,489.18,BA,Pendente
0548,2024-10-29,Pen Drive,48,113.45,TO,Cancelado
0549,2025-03-09,Monitor,15,398.53,BA,Cancelado
0550,2025-01-28,Mouse,13,256.64,BA,Enviado
0551,2025-01-15,Scanner,8,450.2,SP,Cancelado
0552,2025-03-24,Monitor,44,252.48,ES,Cancelado
0553,2024-09-18,HD Externo,48,72.7,RJ,Entregue
0554,2024-11-16,Teclado,50,55.04,PE,Enviado
0555,2025-03-04,Impressora,39,62.94,RJ,Enviado
0556,2025-02-13,Notebook,13,332.64,AM,Concluído
0557,2024-12-10,Pen Drive,34,282.01,RS,Cancelado
0558,2024-10-05,Notebook,22,185.0,DF,Cancelado
0559,2024-07-08,Monitor,42,423.31,RJ,Pendente
0560,2024-12-04,Scanner,1,281.68,PE,Pendente
0561,2024-06-29,Notebook,36,294.3,RS,Em Andamento
0562,2024-12-12,Headset,38,103.2,BA,Entregue
0563,2024-12-05,Scanner,31,141.01,ES,Entregue
0564,2024-11-24,Scanner,42,164.42,BA,Concluído
0565,2025-02-10,Webcam,44,97.26,DF,Concluído
0566,2024-12-11,Headset,16,228.55,RS,Concluído
0567,2025-02-05,Mouse,50,237.87,AM,Concluído
0568,2024-09-23,Pen Drive,26,306.83,ES,Cancelado
0569,2025-05-12,Mouse,16,370.39,PE,Pendente
0570,2024-09-26,Notebook,1,314.91,SP,Concluído
0571,2024-11-04,Webcam,1,435.15,SP,Entregue
0572,2025-05-06,Headset,21,479.61,SP,Em Andamento
0573,2024-10-27,Teclado,32,315.73,RJ,Cancelado
0574,2025-01-22,Notebook,48,464.77,RS,Em Andamento
0575,2025-01-04,Headset,49,335.94,RS,Concluído
0576,2024-11-23,Scanner,33,203.14,AM,Enviado
0577,2024-11-08,Monitor,3,109.45,PE,Enviado
0578,2025-03-09,Impressora,42,202.88,TO,Concluído
0579,2024-07-11,Teclado,44,281.87,SP,Enviado
0580,2025-03-29,Teclado,34,311.3,BA,Pendente
0581,2025-03-17,Notebook,39,278.1,TO,Cancelado
0582,2024-07-05,Notebook,13,337.0,BA,Cancelado
0583,2025-03-27,Pen Drive,6,150.31,PE,Pendente
0584,2024-12-04,Monitor,48,446.01,AM,Em Andamento
0585,2025-04-11,Monitor,50,418.85,ES,Concluído
0586,2025-05-16,Webcam,3,347.41,PE,Em Andamento
0587,2024-11-06,Pen Drive,11,436.7,ES,Em Andamento
0588,2024-09-28,Teclado,34,448.56,RS,Concluído
0589,2025-05-06,Teclado,9,96.75,RJ,Concluído
0590,2025-03-30,Mouse,37,192.35,ES,Em Andamento
0591,2024-10-28,Mouse,47,165.39,PE,Cancelado
0592,2024-08-26,HD Externo,22,66.2,RS,Concluído
0593,2025-03-07,Scanner,40,200.61,AM,Entregue
0594,2024-11-29,Teclado,36,317.98,RS,Concluído
0595,2025-05-06,Headset,12,60.99,RS,Em Andamento
0596,2025-02-15,Pen Drive,10,446.92,SP,Entregue
0597,2024-10-28,Impressora,25,284.41,AM,Entregue
0598,2024-06-05,Headset,21,115.51,ES,Concluído
0599,2024-06-08,Mouse,10,485.19,RS,Concluído
0600,2024-09-30,Pen Drive,44,298.67,SP,Enviado
0601,2025-02-15,Scanner,15,198.01,PE,Cancelado
0602,2025-03-10,Monitor,36,452.18,AM,Enviado
0603,2024-07-24,Webcam,23,153.04,MG,Em Andamento
0604,2024-07-07,Scanner,11,493.47,DF,Cancelado
0605,2024-09-26,Teclado,40,217.99,RJ,Pendente
0606,2025-03-05,Headset,50,208.14,TO,Concluído
0607,2025-05-19,Webcam,15,237.52,DF,Enviado
0608,2025-04-12,Scanner,14,320.08,PE,Enviado
0609,2024-12-26,HD Externo,6,237.85,ES,Enviado
0610,2024-11-02,Teclado,26,65.75,MG,Enviado
0611,2025-01-06,Webcam,16,261.65,RS,Enviado
0612,2024-08-01,Notebook,40,74.07,BA,Concluído
0613,2024-08-03,Pen Drive,15,463.23,ES,Concluído
0614,2024-09-04,Webcam,29,274.92,ES,Pendente
0615,2025-04-20,Impressora,1,431.68,DF,Entregue
0616,2024-11-10,Scanner,28,160.54,TO,Entregue
0617,2025-03-12,Impressora,26,307.13,ES,Concluído
0618,2024-06-05,Impressora,25,289.35,MG,Cancelado
0619,2024-09-23,Headset,14,141.42,RS,Entregue
0620,2024-10-01,Teclado,33,323.28,MG,Entregue
0621,2025-05-01,Headset,4,323.87,PE,Em Andamento
0622,2025-02-19,Impressora,45,429.15,TO,Pendente
0623,2025-02-07,Pen Drive,39,80.27,SP,Enviado
0624,2024-10-30,Headset,15,131.68,MG,Pendente
0625,2024-06-01,Monitor,10,176.02,PE,Pendente
0626,2025-02-02,Pen Drive,26,253.96,RS,Em Andamento
0627,2025-03-17,Notebook,25,373.6,MG,Entregue
0628,2025-05-14,Impressora,11,229.46,DF,Em Andamento
0629,2025-01-05,Monitor,18,133.32,MG,Cancelado
0630,2024-08-18,HD Externo,29,421.29,PE,Enviado
0631,2024-10-20,Impressora,9,409.19,RS,Em Andamento
0632,2025-01-05,Scanner,28,208.8,PE,Em Andamento
0633,2024-10-25,Mouse,14,58.51,DF,Pendente
0634,2024-05-28,Notebook,36,361.3,BA,Entregue
0635,2024-06-23,Teclado,4,82.6,DF,Entregue
0636,2024-10-15,Scanner,42,422.76,DF,Concluído
0637,2024-08-12,Impressora,16,369.69,TO,Concluído
0638,2025-01-03,Impressora,12,156.29,RJ,Em Andamento
0639,2024-12-12,Teclado,13,176.66,RS,Concluído
0640,2025-05-07,Notebook,49,283.83,RS,Cancelado
0641,2024-11-12,Pen Drive,23,364.97,RJ,Enviado
0642,2025-04-19,Monitor,42,153.95,PE,Em Andamento
0643,2024-06-06,Headset,15,172.26,SP,Pendente
0644,2024-06-21,Webcam,6,131.38,BA,Enviado
0645,2025-05-09,Impressora,47,317.38,ES,Cancelado
0646,2024-12-24,Webcam,21,296.82,TO,Cancelado
0647,2024-08-02,Notebook,25,438.43,DF,Em Andamento
0648,2024-08-28,Mouse,39,110.81,AM,Cancelado
0649,2024-11-23,Teclado,13,285.22,PE,Em Andamento
0650,2024-12-14,HD Externo,4,499.19,TO,Enviado
0651,2024-08-07,Headset,10,61.86,MG,Entregue
0652,2024-06-25,Monitor,11,395.06,RJ,Concluído
0653,2024-10-15,Monitor,40,446.84,AM,Pendente
0654,2024-08-27,Headset,14,168.69,RS,Em Andamento
0655,2024-06-18,Monitor,39,168.3,BA,Entregue
0656,2025-01-23,Teclado,12,95.32,RS,Enviado
0657,2025-04-25,HD Externo,1,331.07,RJ,Pendente
0658,2024-07-18,Impressora,34,249.06,RS,Entregue
0659,2025-03-20,Notebook,40,192.79,SP,Em Andamento
0660,2024-10-22,Headset,47,138.34,RJ,Enviado
0661,2024-06-09,Webcam,11,207.26,DF,Em Andamento
0662,2024-07-21,Webcam,28,114.52,RS,Pendente
0663,2024-09-02,Pen Drive,3,241.59,PE,Entregue
0664,2025-03-28,HD Externo,18,216.53,BA,Concluído
0665,2025-01-24,Webcam,4,97.99,RJ,Concluído
0666,2024-07-07,Pen Drive,40,477.61,RJ,Pendente
0667,2024-05-28,Impressora,42,269.55,TO,Pendente
0668,2025-01-29,Webcam,15,272.56,PE,Cancelado
0669,2024-09-20,HD Externo,3,317.62,SP,Enviado
0670,2024-10-18,Mouse,3,102.44,PE,Cancelado
0671,2025-03-16,Headset,42,239.72,RS,Concluído
0672,2025-05-09,Teclado,26,159.11,MG,Enviado
0673,2025-01-13,Monitor,37,455.47,RS,Enviado
0674,2025-04-03,Scanner,50,404.2,RS,Cancelado
0675,2024-07-11,Scanner,9,326.43,RJ,Cancelado
0676,2024-08-29,Scanner,13,484.97,AM,Em Andamento
0677,2024-12-08,Notebook,46,237.87,ES,Enviado
0678,2025-03-06,HD Externo,34,191.96,AM,Pendente
0679,2024-11-19,HD Externo,4,56.82,TO,Cancelado
0680,2024-07-25,Notebook,4,454.5,AM,Cancelado
0681,2024-08-24,Notebook,20,427.25,MG,Concluído
0682,2024-06-19,Scanner,17,195.45,ES,Enviado
0683,2024-08-14,Impressora,33,338.31,PE,Concluído
0684,2024-12-22,Monitor,4,329.97,SP,Cancelado
0685,2024-06-02,Headset,16,121.26,ES,Em Andamento
0686,2024-06-04,Webcam,26,446.14,DF,Cancelado
0687,2024-06-15,Impressora,11,311.26,MG,Em Andamento
0688,2025-04-09,Notebook,5,431.74,TO,Pendente
0689,2024-09-04,Webcam,15,239.05,RS,Pendente
0690,2024-11-20,HD Externo,40,213.88,RJ,Enviado
0691,2024-06-16,Webcam,33,165.69,RS,Cancelado
0692,2024-11-06,Webcam,35,318.22,DF,Cancelado
0693,2025-03-30,Webcam,20,394.49,MG,Cancelado
0694,2025-03-07,Impressora,33,100.72,TO,Enviado
0695,2024-08-13,Webcam,12,289.13,RS,Cancelado
0696,2024-09-08,Monitor,35,490.45,PE,Pendente
0697,2024-08-27,Notebook,20,447.79,ES,Entregue
0698,2025-01-16,Impressora,26,109.5,DF,Enviado
0699,2025-01-12,Monitor,29,424.84,TO,Cancelado
0700,2024-06-19,Scanner,28,167.19,ES,Entregue
0701,2024-12-17,Scanner,32,96.0,PE,Cancelado
0702,2024-09-09,Impressora,30,253.06,BA,Em Andamento
0703,2025-04-12,Teclado,20,346.12,SP,Cancelado
0704,2024-12-11,Pen Drive,6,268.63,RJ,Entregue
0705,2024-12-09,Mouse,3,410.21,AM,Entregue
0706,2025-04-10,Monitor,27,54.63,MG,Em Andamento
0707,2024-07-26,Pen Drive,45,367.7,BA,Cancelado
0708,2024-11-14,Monitor,7,401.6,RS,Cancelado
0709,2024-08-23,Mouse,10,285.01,ES,Cancelado
0710,2024-10-17,Pen Drive,31,206.25,BA,Em Andamento
0711,2025-03-09,Monitor,22,153.45,DF,Cancelado
0712,2025-01-20,Webcam,11,254.43,AM,Em Andamento
0713,2025-01-13,Scanner,36,183.79,SP,Enviado
0714,2025-01-05,HD Externo,34,68.63,RS,Em Andamento
0715,2024-09-01,Pen Drive,1,194.05,BA,Cancelado
0716,2025-05-19,Teclado,32,340.47,MG,Enviado
0717,2025-05-08,Teclado,11,403.45,PE,Em Andamento
0718,2024-11-21,HD Externo,45,126.78,AM,Pendente
0719,2024-05-20,Pen Drive,15,64.24,DF,Pendente
0720,2024-05-20,Scanner,4,121.81,MG,Cancelado
0721,2024-08-05,Pen Drive,50,342.98,SP,Cancelado
0722,2025-02-23,Teclado,19,195.39,PE,Pendente
0723,2025-02-27,Headset,50,271.01,RJ,Concluído
0724,2024-07-13,Monitor,24,373.89,RJ,Enviado
0725,2025-05-10,Monitor,1,487.24,SP,Em Andamento
0726,2024-10-20,Mouse,28,332.5,MG,Concluído
0727,2025-02-25,Monitor,30,361.21,PE,Entregue
0728,2024-11-04,Headset,25,370.66,RJ,Cancelado
0729,2025-04-19,Pen Drive,50,322.07,PE,Em Andamento
0730,2025-04-08,Scanner,41,108.57,ES,Concluído
0731,2024-10-09,Webcam,20,357.95,MG,Entregue
0732,2024-08-18,Pen Drive,33,448.3,SP,Concluído
0733,2024-06-29,Teclado,12,443.11,TO,Pendente
0734,2025-04-23,Scanner,32,233.99,RS,Pendente
0735,2024-08-26,Mouse,33,152.14,RS,Em Andamento
0736,2025-03-22,Monitor,24,476.74,TO,Cancelado
0737,2024-10-16,Teclado,46,434.72,SP,Em Andamento
0738,2024-11-08,Webcam,16,394.96,AM,Concluído
0739,2024-08-18,HD Externo,49,154.84,ES,Entregue
0740,2024-07-30,Webcam,28,241.79,BA,Pendente
0741,2025-03-09,Pen Drive,32,88.85,RJ,Entregue
0742,2024-09-13,Notebook,40,201.58,BA,Entregue
0743,2025-02-01,Pen Drive,19,95.19,TO,Pendente
0744,2024-10-21,Notebook,46,205.97,ES,Pendente
0745,2025-02-01,Impressora,49,267.16,RJ,Cancelado
0746,2025-04-18,Monitor,29,125.97,TO,Entregue
0747,2024-06-10,Mouse,24,224.23,RS,Cancelado
0748,2025-05-17,Teclado,32,435.82,SP,Entregue
0749,2024-12-06,Scanner,36,256.76,ES,Enviado
0750,2025-01-01,Webcam,28,374.76,ES,Enviado
0751,2024-05-22,Pen Drive,42,438.07,TO,Cancelado
0752,2025-04-30,Mouse,12,153.18,DF,Enviado
0753,2024-12-30,HD Externo,37,263.54,MG,Pendente
0754,2025-05-11,HD Externo,7,326.16,RJ,Concluído
0755,2024-08-21,HD Externo,24,237.15,RJ,Pendente
0756,2025-02-15,Impressora,11,254.38,ES,Cancelado
0757,2024-06-01,Webcam,41,243.22,TO,Cancelado
0758,2025-04-04,Webcam,20,213.48,MG,Em Andamento
0759,2024-09-20,Monitor,27,399.92,MG,Concluído
0760,2024-10-04,Teclado,49,103.6,MG,Pendente
0761,2024-08-06,Teclado,29,451.32,TO,Cancelado
0762,2024-11-26,Mouse,20,198.12,TO,Enviado
0763,2024-12-05,Impressora,11,313.44,DF,Concluído
0764,2024-08-18,Notebook,42,398.81,DF,Concluído
0765,2025-01-08,Webcam,27,419.75,AM,Entregue
0766,2024-10-26,Teclado,50,355.43,BA,Em Andamento
0767,2024-08-14,Scanner,49,174.09,RS,Concluído
0768,2024-08-18,Impressora,23,267.99,SP,Entregue
0769,2024-12-13,Headset,12,264.98,RJ,Pendente
0770,2024-05-22,Headset,3,456.56,RJ,Cancelado
0771,2024-09-14,Teclado,17,218.52,DF,Enviado
0772,2024-08-19,Mouse,47,430.94,AM,Em Andamento
0773,2025-04-11,Headset,21,497.73,MG,Em Andamento
0774,2024-08-10,Notebook,3,452.66,DF,Pendente
0775,2024-12-02,Notebook,6,156.64,RS,Entregue
0776,2024-12-21,Impressora,48,127.23,DF,Pendente
0777,2024-11-03,Webcam,45,403.76,RS,Entregue
0778,2024-07-31,Mouse,48,416.2,AM,Concluído
0779,2024-12-12,Scanner,39,101.82,ES,Enviado
0780,2025-02-17,Teclado,7,301.78,SP,Enviado
0781,2024-07-24,Monitor,41,296.56,DF,Cancelado
0782,2025-01-22,Mouse,10,472.86,ES,Concluído
0783,2025-05-12,Scanner,16,190.93,MG,Enviado
0784,2024-08-27,Impressora,35,415.03,ES,Concluído
0785,2024-09-20,Mouse,48,118.38,TO,Enviado
0786,2024-11-21,Webcam,9,57.72,AM,Enviado
0787,2025-04-26,Headset,41,265.76,ES,Em Andamento
0788,2024-05-24,HD Externo,30,473.06,ES,Cancelado
0789,2025-02-15,Monitor,18,495.93,DF,Em Andamento
0790,2025-01-07,Scanner,46,170.48,SP,Cancelado
0791,2024-08-19,Monitor,14,260.19,MG,Em Andamento
0792,2024-07-10,Headset,19,153.24,RJ,Pendente
0793,2025-03-25,Monitor,9,181.87,RS,Enviado
0794,2025-02-03,Pen Drive,16,347.18,DF,Em Andamento
0795,2025-01-30,Impressora,15,71.26,ES,Cancelado
0796,2024-12-18,Mouse,17,238.78,MG,Cancelado
0797,2025-02-03,Scanner,24,387.05,ES,Concluído
0798,2025-04-15,Teclado,14,273.62,ES,Enviado
0799,2025-03-31,Teclado,17,428.18,AM,Enviado
0800,2025-03-13,Teclado,27,110.06,RJ,Cancelado
0801,2025-01-15,Impressora,44,425.44,BA,Enviado
0802,2025-04-09,Monitor,50,224.21,TO,Enviado
0803,2025-04-09,Webcam,36,420.09,SP,Cancelado
0804,2025-02-18,Notebook,43,479.97,MG,Enviado
0805,2025-03-21,Pen Drive,13,161.54,SP,Concluído
0806,2024-07-23,Pen Drive,34,84.75,PE,Concluído
0807,2024-10-08,Headset,14,223.09,DF,Entregue
0808,2024-11-30,Headset,25,104.71,DF,Em Andamento
0809,2025-04-05,Teclado,48,398.8,AM,Entregue
0810,2024-11-04,Mouse,42,166.75,RS,Entregue
0811,2024-06-22,Scanner,9,485.17,MG,Enviado
0812,2024-11-25,Mouse,25,450.04,MG,Cancelado
0813,2025-05-14,Impressora,30,347.13,TO,Pendente
0814,2025-03-12,Notebook,28,248.64,SP,Em Andamento
0815,2025-03-19,Pen Drive,19,495.04,MG,Concluído
0816,2024-11-19,HD Externo,26,60.88,TO,Cancelado
0817,2024-07-18,Impressora,35,378.66,ES,Cancelado
0818,2025-01-09,Pen Drive,12,288.75,RS,Pendente
0819,2024-06-20,Mouse,3,141.63,TO,Em Andamento
0820,2024-07-13,Mouse,5,339.06,PE,Entregue
0821,2025-02-01,Teclado,32,280.68,PE,Pendente
0822,2024-10-26,Impressora,35,155.02,AM,Concluído
0823,2025-03-07,Mouse,26,358.77,DF,Concluído
0824,2024-08-12,Scanner,38,57.71,RJ,Enviado
0825,2025-01-24,Pen Drive,40,351.23,RJ,Em Andamento
0826,2024-07-07,Headset,24,219.74,BA,Cancelado
0827,2025-03-07,Pen Drive,38,150.9,BA,Em Andamento
0828,2025-03-12,Mouse,4,195.83,ES,Entregue
0829,2025-05-11,Notebook,50,190.55,AM,Pendente
0830,2024-09-21,Webcam,27,90.09,MG,Enviado
0831,2024-05-20,HD Externo,37,172.88,PE,Em Andamento
0832,2025-03-19,Webcam,44,123.43,AM,Concluído
0833,2024-09-13,Notebook,46,346.27,RS,Em Andamento
0834,2024-07-04,Impressora,42,276.64,BA,Enviado
0835,2025-01-13,Headset,36,183.8,AM,Enviado
0836,2024-10-22,Pen Drive,49,436.33,RS,Concluído
0837,2025-02-26,Pen Drive,32,441.47,TO,Entregue
0838,2025-04-30,Impressora,10,66.1,MG,Cancelado
0839,2024-08-25,Pen Drive,43,160.09,BA,Pendente
0840,2025-02-19,Mouse,4,387.97,SP,Enviado
0841,2024-07-04,HD Externo,18,143.31,MG,Concluído
0842,2024-08-02,Mouse,6,306.02,ES,Em Andamento
0843,2024-11-29,Scanner,2,459.54,AM,Cancelado
0844,2025-01-08,Teclado,45,276.99,RS,Entregue
0845,2025-01-18,HD Externo,9,224.8,PE,Concluído
0846,2025-05-01,Scanner,4,448.05,RS,Pendente
0847,2025-03-25,Notebook,37,424.43,TO,Enviado
0848,2025-01-12,Scanner,15,388.5,RJ,Em Andamento
0849,2024-07-12,Headset,5,349.65,BA,Pendente
0850,2025-03-29,Scanner,1,189.76,AM,Pendente
0851,2024-11-14,Notebook,40,159.75,RJ,Pendente
0852,2025-01-22,Scanner,28,190.26,SP,Entregue
0853,2024-10-21,Teclado,37,227.8,MG,Concluído
0854,2024-09-07,Monitor,43,92.33,SP,Concluído
0855,2024-11-20,Notebook,2,191.94,DF,Em Andamento
0856,2024-07-11,HD Externo,16,311.49,BA,Em Andamento
0857,2025-02-24,Headset,45,483.23,MG,Em Andamento
0858,2025-02-16,Impressora,37,297.48,MG,Em Andamento
0859,2025-05-12,Mouse,38,303.93,SP,Pendente
0860,2024-07-31,Pen Drive,18,154.32,ES,Em Andamento
0861,2024-08-07,Monitor,44,391.1,BA,Concluído
0862,2024-07-31,HD Externo,27,183.14,SP,Em Andamento
0863,2025-05-15,Scanner,1,483.69,SP,Enviado
0864,2025-03-09,Webcam,34,240.26,SP,Cancelado
0865,2025-04-27,Teclado,7,234.89,MG,Entregue
0866,2024-07-11,Impressora,31,303.5,RS,Em Andamento
0867,2024-10-07,Monitor,1,486.26,TO,Pendente
0868,2024-11-05,Pen Drive,27,486.46,ES,Entregue
0869,2024-11-27,Impressora,36,289.83,PE,Concluído
0870,2024-10-15,Headset,40,424.45,TO,Pendente
0871,2024-10-20,Notebook,27,206.95,RS,Em Andamento
0872,2024-08-07,Headset,9,248.51,DF,Entregue
0873,2024-09-07,Pen Drive,46,320.52,AM,Enviado
0874,2024-05-30,Monitor,47,120.58,DF,Entregue
0875,2025-03-31,Mouse,10,235.69,DF,Cancelado
0876,2024-12-25,Impressora,47,296.56,MG,Pendente
0877,2024-07-17,Notebook,40,432.83,TO,Enviado
0878,2024-12-31,Impressora,8,416.01,MG,Pendente
0879,2024-05-25,Mouse,4,421.6,TO,Concluído
0880,2025-05-02,Headset,36,286.57,BA,Em Andamento
0881,2024-11-25,HD Externo,44,148.68,AM,Pendente
0882,2025-04-09,Impressora,14,350.47,SP,Em Andamento
0883,2025-04-13,Webcam,23,474.41,DF,Enviado
0884,2025-01-25,Impressora,44,455.95,TO,Pendente
0885,2025-04-20,Notebook,34,393.6,RS,Pendente
0886,2024-06-21,Notebook,5,452.31,MG,Cancelado
0887,2024-10-17,Teclado,6,258.41,AM,Entregue
0888,2024-11-11,Pen Drive,40,95.02,DF,Entregue
0889,2024-09-15,Monitor,3,338.69,BA,Concluído
0890,2024-05-30,Teclado,42,442.4,MG,Concluído
0891,2024-08-27,Teclado,33,270.58,TO,Cancelado
0892,2025-01-23,Notebook,44,264.46,MG,Enviado
0893,2024-12-20,Mouse,21,279.45,MG,Entregue
0894,2025-01-12,Pen Drive,31,124.21,BA,Enviado
0895,2024-08-10,HD Externo,27,459.19,ES,Concluído
0896,2025-01-28,Headset,28,252.32,TO,Enviado
0897,2025-01-31,Mouse,3,336.78,DF,Enviado
0898,2025-05-15,Notebook,15,71.68,ES,Cancelado
0899,2025-02-06,Headset,23,205.44,RJ,Cancelado
0900,2024-06-24,HD Externo,4,341.43,RJ,Em Andamento
0901,2024-10-05,HD Externo,22,118.44,AM,Entregue
0902,2025-01-18,Headset,19,233.31,AM,Enviado
0903,2025-04-12,Scanner,35,420.63,BA,Em Andamento
0904,2025-02-19,Impressora,35,181.42,SP,Em Andamento
0905,2024-09-27,Pen Drive,14,474.24,PE,Em Andamento
0906,2025-03-06,Teclado,16,222.32,MG,Entregue
0907,2024-05-25,Impressora,19,59.88,SP,Entregue
0908,2025-02-19,Webcam,1,316.18,TO,Concluído
0909,2024-09-16,Notebook,13,151.77,RS,Pendente
0910,2024-06-25,HD Externo,50,446.96,MG,Concluído
0911,2025-01-06,Scanner,8,149.74,TO,Entregue
0912,2024-06-14,Webcam,11,374.08,SP,Cancelado
0913,2024-05-31,Impressora,17,175.64,SP,Cancelado
0914,2025-01-01,Notebook,48,304.59,ES,Concluído
0915,2025-02-08,Webcam,30,390.39,MG,Concluído
0916,2025-05-15,Headset,44,128.51,TO,Em Andamento
0917,2025-01-05,HD Externo,39,177.51,TO,Cancelado
0918,2025-01-19,Impressora,38,470.94,AM,Cancelado
0919,2025-02-05,Mouse,35,285.85,TO,Concluído
0920,2024-10-14,Scanner,11,449.66,SP,Cancelado
0921,2024-07-06,Headset,39,192.09,DF,Concluído
0922,2025-01-16,Headset,47,418.41,SP,Em Andamento
0923,2024-07-24,Monitor,41,448.12,MG,Cancelado
0924,2025-04-07,Scanner,7,253.72,MG,Concluído
0925,2024-11-19,Notebook,4,133.79,PE,Concluído
0926,2025-05-03,Monitor,2,287.42,MG,Entregue
0927,2024-06-14,HD Externo,30,352.7,PE,Pendente
0928,2024-11-23,Notebook,21,299.17,SP,Cancelado
0929,2024-08-17,Notebook,1,465.02,MG,Concluído
0930,2024-12-12,Impressora,9,137.17,BA,Entregue
0931,2025-02-16,Mouse,38,328.52,RJ,Em Andamento
0932,2025-01-20,Impressora,10,496.63,AM,Enviado
0933,2024-07-10,Headset,12,204.56,TO,Em Andamento
0934,2024-12-16,Pen Drive,12,365.2,RJ,Em Andamento
0935,2024-12-31,Mouse,4,154.42,RS,Pendente
0936,2025-03-16,Headset,31,251.48,BA,Em Andamento
0937,2024-10-17,Notebook,4,401.58,BA,Cancelado
0938,2024-11-02,Pen Drive,15,155.56,BA,Enviado
0939,2025-01-29,Notebook,39,212.59,ES,Entregue
0940,2024-08-03,Pen Drive,31,295.1,TO,Cancelado
0941,2024-08-15,Scanner,10,401.78,DF,Em Andamento
0942,2024-05-23,Monitor,21,250.75,AM,Pendente
0943,2024-10-27,HD Externo,27,114.4,SP,Enviado
0944,2025-03-10,Scanner,38,274.19,PE,Cancelado
0945,2024-09-22,Webcam,3,229.69,RJ,Entregue
0946,2025-04-16,Webcam,6,261.11,AM,Enviado
0947,2025-04-16,Webcam,35,426.97,RJ,Concluído
0948,2024-10-03,HD Externo,33,413.17,ES,Em Andamento
0949,2024-09-19,Scanner,29,374.19,SP,Concluído
0950,2024-08-11,Notebook,41,120.23,MG,Entregue
0951,2024-06-12,Monitor,21,464.67,PE,Cancelado
0952,2024-07-10,Notebook,28,161.57,RS,Concluído
0953,2025-03-17,Pen Drive,43,357.53,DF,Pendente
0954,2025-01-09,Notebook,43,153.11,ES,Cancelado
0955,2025-04-26,Mouse,12,391.36,MG,Cancelado
0956,2024-11-26,HD Externo,19,207.56,RS,Concluído
0957,2024-10-30,Impressora,35,187.03,RS,Enviado
0958,2025-03-17,Mouse,10,330.02,BA,Entregue
0959,2024-11-23,Mouse,7,359.1,PE,Pendente
0960,2025-05-17,Headset,11,210.46,SP,Concluído
0961,2024-07-14,Notebook,17,219.15,BA,Enviado
0962,2025-03-08,Teclado,1,249.73,DF,Cancelado
0963,2025-02-12,Impressora,29,141.66,AM,Concluído
0964,2024-10-01,Monitor,40,147.0,ES,Entregue
0965,2024-09-19,Webcam,14,329.48,TO,Em Andamento
0966,2025-05-01,Impressora,12,256.5,RS,Cancelado
0967,2025-02-17,Notebook,32,136.51,TO,Enviado
0968,2025-02-08,Monitor,2,129.98,PE,Cancelado
0969,2025-03-02,Impressora,17,380.03,ES,Pendente
0970,2025-03-19,Monitor,22,170.78,TO,Pendente
0971,2024-11-10,Mouse,12,393.2,TO,Pendente
0972,2025-04-25,Scanner,30,406.95,RJ,Em Andamento
0973,2024-07-13,Notebook,29,180.85,AM,Concluído
0974,2024-06-20,Teclado,35,76.5,AM,Pendente
0975,2024-05-24,Teclado,34,227.12,MG,Em Andamento
0976,2024-10-02,Impressora,13,352.41,PE,Cancelado
0977,2025-02-26,Monitor,48,377.81,TO,Cancelado
0978,2025-02-05,Teclado,14,275.1,TO,Enviado
0979,2024-11-19,Impressora,49,405.25,TO,Cancelado
0980,2025-01-10,Scanner,7,292.21,TO,Cancelado
0981,2024-12-27,Headset,36,267.44,AM,Cancelado
0982,2024-09-29,Impressora,40,273.71,PE,Entregue
0983,2025-01-26,Scanner,13,395.21,ES,Pendente
0984,2025-01-04,Scanner,29,429.17,PE,Pendente
0985,2025-01-29,Scanner,2,133.83,RS,Entregue
0986,2024-12-04,Pen Drive,8,225.57,BA,Pendente
0987,2025-04-09,HD Externo,45,211.32,PE,Enviado
0988,2024-07-26,Mouse,33,369.8,PE,Cancelado
0989,2024-09-24,Webcam,18,296.64,TO,Enviado
0990,2024-11-17,Webcam,34,356.1,PE,Enviado
0991,2024-11-26,Scanner,25,480.19,RS,Enviado
0992,2024-07-13,Monitor,19,403.77,MG,Cancelado
0993,2025-01-13,Monitor,33,385.93,RJ,Pendente
0994,2024-06-05,Notebook,11,416.88,AM,Enviado
0995,2024-05-22,Webcam,41,345.98,SP,Concluído
0996,2024-11-07,Headset,29,82.36,TO,Pendente
0997,2024-11-27,Scanner,17,70.01,PE,Concluído
0998,2025-05-13,Notebook,38,284.64,DF,Concluído
0999,2024-06-02,Headset,50,114.54,ES,Entregue
1000,2024-07-04,Monitor,13,362.93,AM,Entregue
